	time	group	file_type	allele	Nreads	freq
ERR10550019	1h	A	bam	TCT	151.0	3.8339
ERR10550019	1h	A	bam	TCA	51.0	3.9896000000000003
ERR10550019	1h	A	bam	TCC	16.0	1.7451
ERR10550019	1h	A	bam	TCG	21.0	3.2864
ERR10550019	1h	A	bam	*	657.0	32.107699999999994
ERR10963107	1h	A	fastq.gz	TCT	151.0	3.8339
ERR10963107	1h	A	fastq.gz	TCA	54.0	4.7229
ERR10963107	1h	A	fastq.gz	TCC	16.0	1.7451
ERR10963107	1h	A	fastq.gz	TCG	21.0	3.2864
ERR10963107	1h	A	fastq.gz	*	684.0	33.7102
ERR10550020	1h	B	bam	TCT	160.0	3.7608999999999995
ERR10550020	1h	B	bam	TCA	59.0	3.0442
ERR10550020	1h	B	bam	TCC	11.0	0.7857
ERR10550020	1h	B	bam	TCG	174.0	4.9713
ERR10550020	1h	B	bam	*	609.0	31.875500000000002
ERR10963108	1h	B	fastq.gz	TCT	160.0	3.7608999999999995
ERR10963108	1h	B	fastq.gz	TCA	60.0	3.2442
ERR10963108	1h	B	fastq.gz	TCC	19.0	1.7351
ERR10963108	1h	B	fastq.gz	TCG	173.0	4.4713
ERR10963108	1h	B	fastq.gz	*	598.0	31.342399999999998
ERR10550021	1h	C	bam	TCT	139.0	2.5646
ERR10550021	1h	C	bam	TCA	198.0	4.6406
ERR10550021	1h	C	bam	TCC	1.0	0.5
ERR10550021	1h	C	bam	TCG	172.0	4.9614
ERR10550021	1h	C	bam	*	884.0	37.605000000000004
ERR10963109	1h	C	fastq.gz	TCT	139.0	2.5646
ERR10963109	1h	C	fastq.gz	TCA	198.0	4.6406
ERR10963109	1h	C	fastq.gz	TCC	1.0	0.5
ERR10963109	1h	C	fastq.gz	TCG	172.0	4.9614
ERR10963109	1h	C	fastq.gz	*	913.0	38.28150000000001
ERR10550022	2h	A	bam	TCT	413.0	2.9751000000000003
ERR10550022	2h	A	bam	TCA	111.0	2.8584
ERR10550022	2h	A	bam	TCC	42.0	0.8235
ERR10550022	2h	A	bam	TCG	76.0	2.6384
ERR10550022	2h	A	bam	*	1219.0	24.605199999999996
ERR10963110	2h	A	fastq.gz	TCT	413.0	2.9751000000000003
ERR10963110	2h	A	fastq.gz	TCA	111.0	2.8584
ERR10963110	2h	A	fastq.gz	TCC	40.0	0.7843
ERR10963110	2h	A	fastq.gz	TCG	77.0	2.8884
ERR10963110	2h	A	fastq.gz	*	1197.0	23.674100000000003
ERR10550023	2h	B	bam	TCT	628.0	2.6731000000000003
ERR10550023	2h	B	bam	TCA	138.0	2.5486
ERR10550023	2h	B	bam	TCC	134.0	3.013
ERR10550023	2h	B	bam	TCG	654.0	5.5971
ERR10550023	2h	B	bam	*	1259.0	19.8074
ERR10963111	2h	B	fastq.gz	TCT	574.0	2.4048999999999996
ERR10963111	2h	B	fastq.gz	TCA	167.0	3.4274
ERR10963111	2h	B	fastq.gz	TCC	134.0	3.0335
ERR10963111	2h	B	fastq.gz	TCG	654.0	5.5971
ERR10963111	2h	B	fastq.gz	*	1088.0	19.7418
ERR10550024	2h	C	bam	TCT	407.0	2.8604
ERR10550024	2h	C	bam	TCA	137.0	5.0732
ERR10550024	2h	C	bam	TCC	90.0	2.7883
ERR10550024	2h	C	bam	TCG	361.0	6.2718
ERR10550024	2h	C	bam	*	690.0	18.5746
ERR10963112	2h	C	fastq.gz	TCT	407.0	2.8604
ERR10963112	2h	C	fastq.gz	TCA	142.0	5.916
ERR10963112	2h	C	fastq.gz	TCC	89.0	2.768
ERR10963112	2h	C	fastq.gz	TCG	361.0	6.2718
ERR10963112	2h	C	fastq.gz	*	757.0	17.0361
ERR10550025	4h	A	bam	TCT	795.0	5.5228
ERR10550025	4h	A	bam	TCA	285.0	6.172499999999999
ERR10550025	4h	A	bam	TCC	137.0	2.8621999999999996
ERR10550025	4h	A	bam	TCG	242.0	5.3822
ERR10550025	4h	A	bam	*	1112.0	20.753900000000005
ERR10963113	4h	A	fastq.gz	TCT	775.0	4.797300000000001
ERR10963113	4h	A	fastq.gz	TCA	284.0	6.16
ERR10963113	4h	A	fastq.gz	TCC	136.0	2.8865
ERR10963113	4h	A	fastq.gz	TCG	242.0	5.3822
ERR10963113	4h	A	fastq.gz	*	1172.0	21.113800000000005
ERR10550026	4h	B	bam	TCT	983.0	4.6349
ERR10550026	4h	B	bam	TCA	277.0	4.774699999999999
ERR10550026	4h	B	bam	TCC	107.0	3.5525
ERR10550026	4h	B	bam	TCG	261.0	5.401199999999999
ERR10550026	4h	B	bam	*	1401.0	18.614900000000002
ERR10963114	4h	B	fastq.gz	TCT	1005.0	5.4811
ERR10963114	4h	B	fastq.gz	TCA	278.0	4.7766
ERR10963114	4h	B	fastq.gz	TCC	209.0	4.4382
ERR10963114	4h	B	fastq.gz	TCG	264.0	5.6095
ERR10963114	4h	B	fastq.gz	*	1154.0	16.8238
ERR10550027	4h	C	bam	TCT	1617.0	5.4095
ERR10550027	4h	C	bam	TCA	379.0	5.763
ERR10550027	4h	C	bam	TCC	282.0	3.5103999999999997
ERR10550027	4h	C	bam	TCG	1042.0	6.8743
ERR10550027	4h	C	bam	*	1578.0	14.601099999999995
ERR10963115	4h	C	fastq.gz	TCT	1595.0	4.5295000000000005
ERR10963115	4h	C	fastq.gz	TCA	339.0	4.8741
ERR10963115	4h	C	fastq.gz	TCC	279.0	3.4854000000000003
ERR10963115	4h	C	fastq.gz	TCG	1042.0	6.8743
ERR10963115	4h	C	fastq.gz	*	1382.0	15.312599999999996
ERR10550028	6h	A	bam	TCT	1429.0	4.7322
ERR10550028	6h	A	bam	TCA	301.0	3.118
ERR10550028	6h	A	bam	TCC	226.0	2.6917
ERR10550028	6h	A	bam	TCG	692.0	6.7538
ERR10550028	6h	A	bam	*	861.0	9.437800000000003
ERR10963116	6h	A	fastq.gz	TCT	1429.0	4.7322
ERR10963116	6h	A	fastq.gz	TCA	301.0	3.118
ERR10963116	6h	A	fastq.gz	TCC	217.0	2.6870000000000003
ERR10963116	6h	A	fastq.gz	TCG	691.0	6.6594
ERR10963116	6h	A	fastq.gz	*	715.0	8.322600000000001
ERR10550029	6h	B	bam	TCT	2883.0	3.879
ERR10550029	6h	B	bam	TCA	940.0	4.938599999999999
ERR10550029	6h	B	bam	TCC	1032.0	4.3029
ERR10550029	6h	B	bam	TCG	1988.0	4.984100000000001
ERR10550029	6h	B	bam	*	1317.0	5.959299999999999
ERR10963117	6h	B	fastq.gz	TCT	2883.0	3.879
ERR10963117	6h	B	fastq.gz	TCA	941.0	4.9497
ERR10963117	6h	B	fastq.gz	TCC	1037.0	4.313000000000001
ERR10963117	6h	B	fastq.gz	TCG	1988.0	4.984100000000001
ERR10963117	6h	B	fastq.gz	*	1300.0	6.450900000000001
ERR10550030	6h	C	bam	TCT	1975.0	5.6568000000000005
ERR10550030	6h	C	bam	TCA	551.0	5.0952
ERR10550030	6h	C	bam	TCC	580.0	4.2729
ERR10550030	6h	C	bam	TCG	551.0	5.818300000000001
ERR10550030	6h	C	bam	*	701.0	6.554599999999997
ERR10963118	6h	C	fastq.gz	TCT	1975.0	5.6568000000000005
ERR10963118	6h	C	fastq.gz	TCA	482.0	3.9872
ERR10963118	6h	C	fastq.gz	TCC	575.0	4.2527
ERR10963118	6h	C	fastq.gz	TCG	551.0	5.818300000000001
ERR10963118	6h	C	fastq.gz	*	687.0	5.7906999999999975
ERR10543479	12h	A	bam	TCT	6341.0	3.9514
ERR10543479	12h	A	bam	TCA	1179.0	3.2755
ERR10543479	12h	A	bam	TCC	343.0	1.7354
ERR10543479	12h	A	bam	TCG	2484.0	4.2308
ERR10543479	12h	A	bam	*	1757.0	4.050999999999998
ERR10963119	12h	A	fastq.gz	TCT	6341.0	3.9514
ERR10963119	12h	A	fastq.gz	TCA	1365.0	5.0402
ERR10963119	12h	A	fastq.gz	TCC	593.0	2.5915
ERR10963119	12h	A	fastq.gz	TCG	2484.0	4.2308
ERR10963119	12h	A	fastq.gz	*	1730.0	3.6290999999999976
ERR10543480	12h	B	bam	TCT	4522.0	3.9196
ERR10543480	12h	B	bam	TCA	681.0	2.3632
ERR10543480	12h	B	bam	TCC	365.0	2.5842
ERR10543480	12h	B	bam	TCG	1410.0	3.3621
ERR10543480	12h	B	bam	*	1082.0	3.7471999999999976
ERR10963120	12h	B	fastq.gz	TCT	4522.0	3.9196
ERR10963120	12h	B	fastq.gz	TCA	681.0	2.3632
ERR10963120	12h	B	fastq.gz	TCC	363.0	2.593
ERR10963120	12h	B	fastq.gz	TCG	1410.0	3.3621
ERR10963120	12h	B	fastq.gz	*	946.0	3.194000000000001
ERR10543481	12h	C	bam	TCT	3608.0	4.011
ERR10543481	12h	C	bam	TCA	583.0	2.3853
ERR10543481	12h	C	bam	TCC	445.0	3.4623
ERR10543481	12h	C	bam	TCG	1206.0	4.2244
ERR10543481	12h	C	bam	*	987.0	4.573
ERR10963121	12h	C	fastq.gz	TCT	3608.0	4.011
ERR10963121	12h	C	fastq.gz	TCA	583.0	2.3853
ERR10963121	12h	C	fastq.gz	TCC	446.0	3.4562
ERR10963121	12h	C	fastq.gz	TCG	1200.0	4.1611
ERR10963121	12h	C	fastq.gz	*	997.0	4.654999999999998
ERR10550031	24h	A	bam	TCT	6423.0	3.1357000000000004
ERR10550031	24h	A	bam	TCA	2730.0	5.8509
ERR10550031	24h	A	bam	TCC	326.0	1.6503999999999999
ERR10550031	24h	A	bam	TCG	1372.0	2.5174000000000003
ERR10550031	24h	A	bam	*	1221.0	3.101000000000001
ERR10963122	24h	A	fastq.gz	TCT	6423.0	3.1357000000000004
ERR10963122	24h	A	fastq.gz	TCA	2731.0	5.854800000000001
ERR10963122	24h	A	fastq.gz	TCC	438.0	2.5463999999999998
ERR10963122	24h	A	fastq.gz	TCG	1372.0	2.5174000000000003
ERR10963122	24h	A	fastq.gz	*	1625.0	3.214000000000002
ERR10550032	24h	B	bam	TCT	8351.0	3.2750000000000004
ERR10550032	24h	B	bam	TCA	1108.0	2.3481
ERR10550032	24h	B	bam	TCC	449.0	1.7219
ERR10550032	24h	B	bam	TCG	2371.0	3.3744
ERR10550032	24h	B	bam	*	2030.0	3.450099999999999
ERR10963123	24h	B	fastq.gz	TCT	7043.0	2.8282000000000003
ERR10963123	24h	B	fastq.gz	TCA	1105.0	2.3285
ERR10963123	24h	B	fastq.gz	TCC	449.0	1.7219
ERR10963123	24h	B	fastq.gz	TCG	2371.0	3.3744
ERR10963123	24h	B	fastq.gz	*	1580.0	2.9299
ERR10550033	24h	C	bam	TCT	6334.0	3.125
ERR10550033	24h	C	bam	TCA	1069.0	3.2188
ERR10550033	24h	C	bam	TCC	453.0	2.6470000000000002
ERR10550033	24h	C	bam	TCG	1448.0	3.392
ERR10550033	24h	C	bam	*	865.0	2.8808000000000007
ERR10963124	24h	C	fastq.gz	TCT	6220.0	2.8364
ERR10963124	24h	C	fastq.gz	TCA	1069.0	3.2188
ERR10963124	24h	C	fastq.gz	TCC	321.0	1.7610999999999999
ERR10963124	24h	C	fastq.gz	TCG	1448.0	3.392
ERR10963124	24h	C	fastq.gz	*	1069.0	3.7440999999999995
ERR10513574		dRNA	bam	TCT	35480.0	23.2629
ERR10513574		dRNA	bam	TCA	8256.0	12.6355
ERR10513574		dRNA	bam	TCC	1721.0	3.5774
ERR10513574		dRNA	bam	TCG	11526.0	13.040299999999998
ERR10513574		dRNA	bam	*	13914.0	12.346100000000007
ERR10963128		dRNA	fastq.gz	TCT	34670.0	22.6684
ERR10963128		dRNA	fastq.gz	TCA	8266.0	12.651399999999999
ERR10963128		dRNA	fastq.gz	TCC	1727.0	3.6897
ERR10963128		dRNA	fastq.gz	TCG	11528.0	13.0198
ERR10963128		dRNA	fastq.gz	*	15724.0	12.45489999999998
